Element Code,Scientific Name,English Name,Biogeoclimatic Units,Provincial,BC List,Global,COSEWIC,SARA,Provincial FRPA,Land Use Objectives,CDC Mapped Locations - Public,CDC Mapped Locations - Confidential
ABPBY06010,Acanthis flammea,Common Redpoll,,S4 (2015),Yellow,G5 (2016),,,,,,
ABPBY06020,Acanthis hornemanni,Hoary Redpoll,,SUN (2015),Unknown,G5 (2016),,,,,,
ABNKC12040,Accipiter cooperii,Cooper's Hawk,,S5 (2015),Yellow,G5 (2016),NAR,,,,,
ABNKC12060,Accipiter gentilis,Northern Goshawk,,"S4B,S4N (2015)",No Status,G5 (2016),,,,,,
ABNKC12061,Accipiter gentilis atricapillus,"Northern Goshawk, atricapillus subspecies",BWBS; ESSF; ICH; IDF; MS; PP; SBPS; SBS; SWB,S3S4 (2017),Blue,G5T5 (2016),NAR,,,,,
ABNKC12062,Accipiter gentilis laingi,"Northern Goshawk, laingi subspecies",CDF; CWH,S2 (2010),Red,G5T2 (2016),T,1-T (2003),Y,,Y,
ABNKC12020,Accipiter striatus,Sharp-shinned Hawk,,"S5B,S5N (2015)",Yellow,G5 (2016),NAR,,,,,
ABNNF04020,Actitis macularius,Spotted Sandpiper,,S5B (2015),Yellow,G5 (2016),,,,,,
ABNCA04020,Aechmophorus clarkii,Clark's Grebe,,S1B (2015),Red,G5 (2016),,,,,,
ABNCA04010,Aechmophorus occidentalis,Western Grebe,BG; BWBS; CDF; CWH; ICH; IDF; MS; PP; SBPS; SBS,"S1B,S2N (2015)",Red,G5 (2016),SC,1-SC (2017),,,Y,Y
ABNSB15020,Aegolius acadicus,Northern Saw-whet Owl,,"S5B,S5N (2009)",Yellow,G5 (2016),,,,,,
ABNSB15022,Aegolius acadicus brooksi,"Northern Saw-whet Owl, brooksi subspecies",CMA; CWH; MH,S2S3 (2017),Blue,G5T2T3 (2018),T,1-T (2007),Y,,Y,
ABNSB15010,Aegolius funereus,Boreal Owl,,S4 (2015),Yellow,G5 (2016),NAR,,,,,
ABNUA06010,Aeronautes saxatalis,White-throated Swift,BAFA; BG; CMA; CWH; ESSF; ICH; IDF; IMA; MH; MS; PP; SBPS; SBS,S3S4B (2015),Blue,G5 (2016),,,,,Y,Y
ABNNN10030,Aethia cristatella,Crested Auklet,,SNA (2015),Accidental,G5 (1996),,,,,,
ABNNN09010,Aethia psittacula,Parakeet Auklet,,SU (2015),Unknown,G5 (1997),,,,,,
ABPBXB0010,Agelaius phoeniceus,Red-winged Blackbird,,"S5B,S5N (2015)",Yellow,G5 (2016),,,,,,
ABNJB09010,Aix sponsa,Wood Duck,,"S4B,S4N (2015)",Yellow,G5 (2016),,,,,,
ABPAT01010,Alauda arvensis,Eurasian Skylark,,SNA (2015),Exotic,G5 (2016),,,,,,
ABNLC03010,Alectoris chukar,Chukar,,SNA (2015),Exotic,G5 (2016),,,,,,
ABNNN01010,Alle alle,Dovekie,,SNA (2013),Accidental,G5 (2016),,,,,,
ABPBXA0020,Ammodramus savannarum,Grasshopper Sparrow,BG; CDF; IDF; PP,S1B (2018),Red,G5 (2016),,,Y,,Y,Y
ABPBXA0040,Ammospiza leconteii,LeConte's Sparrow,,S4B (2015),Yellow,G5 (2016),,,,,,
ABPBXA0070,Ammospiza nelsoni,Nelson's Sparrow,BWBS; CWH,S2B (2018),Red,G5 (2016),NAR,,Y,,Y,
ABPBX97010,Amphispiza bilineata,Black-throated Sparrow,,SNA (2015),Accidental,G5 (1996),,,,,,
ABNJB10110,Anas acuta,Northern Pintail,,"S4B,S5N (2015)",Yellow,G5 (2016),,,,,,
ABNJB10010,Anas crecca,Green-winged Teal,,"S5B,S5N (2015)",Yellow,G5 (2016),,,,,,
ABNJB10200,Anas platyrhynchos,Mallard,,"S5B,S5N (2015)",Yellow,G5 (2016),,,,,,
ABNJB10040,Anas rubripes,American Black Duck,,SNA (2015),Exotic,G5 (2016),,,,,,
ABNJB03040,Anser albifrons,Greater White-fronted Goose,,S4M (2015),Yellow,G5 (2016),,,,,,
ABNJB04010,Anser caerulescens,Snow Goose,,S4M (2015),Yellow,G5 (2016),,,,,,
ABNJB04030,Anser canagicus,Emperor Goose,,SNA (2015),Accidental,G3G4 (2016),,,,,,
ABNJB04020,Anser rossii,Ross's Goose,,SNA (2015),Accidental,G4 (2016),,,,,,
ABNMK01040,Anthropoides virgo,Demoiselle Crane,,SNA (2009),Accidental,G4G5 (2003),,,,,,
ABPBM02040,Anthus cervinus,Red-throated Pipit,,SNA (2015),Accidental,G5 (1997),,,,,,
ABPBM02050,Anthus rubescens,American Pipit,,"S5B, SNRN (2015)",Yellow,G5 (2016),,,,,,
ABPBM02060,Anthus spragueii,Sprague's Pipit,,SNA (2015),Accidental,G3G4 (2017),T,1-T (2003),,,,
ABNMK01010,Antigone canadensis,Sandhill Crane,BWBS; CWH; ESSF; ICH; IDF; MS; PP; SBPS; SBS,S4B (2018),Yellow,G5 (2016),NAR,,Y,,,
ABNTA07071,Antrostomus arizonae,Mexican Whip-poor-will,,SNA (2012),Accidental,GNR (2021),,,,,,
ABNTA07070,Antrostomus vociferus,Whip-poor-will,,SNA (2015),Accidental,G5 (2016),T,1-T (2011),,,,
ABPAV06070,Aphelocoma californica,Western Scrub-Jay,,SUB (2015),Unknown,G5 (1996),,,,,,
ABNKC22010,Aquila chrysaetos,Golden Eagle,,S4S5 (2015),Yellow,G5 (2016),NAR,,,,,
ABNUC45020,Archilochus alexandri,Black-chinned Hummingbird,,S4B (2015),Yellow,G5 (2016),,,,,,
ABNUC45010,Archilochus colubris,Ruby-throated Hummingbird,,S3B (2015),Blue,G5 (2016),,,,,,
ABNGA04040,Ardea alba,Great Egret,,SNA (2015),Accidental,G5 (2016),,,,,,
ABNGA04010,Ardea herodias,Great Blue Heron,,S3 (2015),No Status,G5 (2016),,,,,,
ABNGA04011,Ardea herodias fannini,"Great Blue Heron, fannini subspecies",CDF; CWH,"S2S3B,S4N (2018)",Blue,G5T4 (2016),SC,1-SC (2010),Y,,Y,
ABNGA04012,Ardea herodias herodias,"Great Blue Heron, herodias subspecies",BG; ICH; IDF; MS; PP; SBS,S3? (2017),Blue,G5T5 (2016),,,Y,,Y,
ABNDB07050,Ardenna bulleri,Buller's Shearwater,,S3?N (2015),Blue,G3 (2016),,,,,,
ABNDB07020,Ardenna carneipes,Flesh-footed Shearwater,,S3N (2015),Blue,G4 (2016),,,,,,
ABNDB07010,Ardenna creatopus,Pink-footed Shearwater,,S3N (2015),Blue,G3 (2016),E,1-E (2005),,,,
ABNDB07030,Ardenna gravis,Great Shearwater,,SNA (2013),Accidental,G5 (2016),,,,,,
ABNDB07060,Ardenna grisea,Sooty Shearwater,,SNRM (2015),No Status,G5 (2016),,,,,,
ABNDB07070,Ardenna tenuirostris,Short-tailed Shearwater,,SUM (2015),Unknown,G5 (2016),,,,,,
ABNNF09010,Arenaria interpres,Ruddy Turnstone,,S4M (2015),Yellow,G5 (2016),,,,,,
ABNNF09020,Arenaria melanocephala,Black Turnstone,,"S4N,S5M (2015)",Yellow,G5 (2016),,,,,,
ABPBX97040,Artemisiospiza nevadensis,Sagebrush Sparrow,,SNA (2015),Accidental,G5 (2013),,,,,,
ABNSB13040,Asio flammeus,Short-eared Owl,BG; BWBS; CDF; CWH; ICH; IDF; MS; PP; SBPS; SBS; SWB,"S3B,S2N (2015)",Blue,G5 (2016),T,1-SC (2012),Y,,Y,
ABNSB13010,Asio otus,Long-eared Owl,,S4 (2015),Yellow,G5 (2016),,,,,,
ABNSB10010,Athene cunicularia,Burrowing Owl,BG; CDF; IDF; PP,S1B (2020),Red,G4 (2016),E,1-E (2003),Y,,Y,
ABNJB11070,Aythya affinis,Lesser Scaup,,"S5B,S5N (2015)",Yellow,G5 (2016),,,,,,
ABNJB11030,Aythya americana,Redhead,,"S4B,S5N (2015)",Yellow,G5 (2016),,,,,,
ABNJB11040,Aythya collaris,Ring-necked Duck,,"S5B,S5N (2015)",Yellow,G5 (2016),,,,,,
ABNJB11050,Aythya fuligula,Tufted Duck,,SNA (2015),Accidental,G5 (2016),,,,,,
ABNJB11060,Aythya marila,Greater Scaup,,S4N (2015),Yellow,G5 (2016),,,,,,
ABNJB11020,Aythya valisineria,Canvasback,,"S4B, SNRN (2015)",Yellow,G5 (2016),,,,,,
ABNNF06010,Bartramia longicauda,Upland Sandpiper,BG; BWBS; CDF; CWH; ICH; IDF; SBPS; SBS; SWB,S2B (2015),Red,G5 (2016),,,,,Y,
ABNUC25040,Basilinna xantusii,Xantus's Hummingbird,,SNA (2015),Accidental,G2 (2001),,,,,,
ABPBN01020,Bombycilla cedrorum,Cedar Waxwing,,S5 (2015),Yellow,G5 (2016),,,,,,
ABPBN01010,Bombycilla garrulus,Bohemian Waxwing,,S5 (2015),Yellow,G5 (2016),,,,,,
ABNLC11010,Bonasa umbellus,Ruffed Grouse,,S5 (2015),Yellow,G5 (2016),,,,,,
ABNGA01020,Botaurus lentiginosus,American Bittern,BG; BWBS; CDF; CWH; ICH; IDF; MS; PP; SBPS; SBS,"S3B, SNRN (2015)",Blue,G5 (2016),,,,,Y,
ABNNN06020,Brachyramphus brevirostris,Kittlitz's Murrelet,,SNA (2015),Accidental,G2 (2016),,,,,,
ABNNN06010,Brachyramphus marmoratus,Marbled Murrelet,CDF; CWH; MH,"S3B,S3N (2015)",Blue,G3 (2016),T,1-T (2003),Y,,Y,
ABNJB05010,Branta bernicla,Brant,BWBS; CDF; CWH; IDF; SBPS,S3M (2015),Blue,G5 (2016),,,,,,
ABNJB05030,Branta canadensis,Canada Goose,,S5 (2015),Yellow,G5 (2016),,,,,,
ABNJB05039,Branta canadensis occidentalis,"Canada Goose, occidentalis subspecies",,S2M (2009),Red,G5T3 (2016),,,,,,
ABNJB05050,Branta hutchinsii,Cackling Goose,,S4S5M (2015),Yellow,G5 (2016),,,,,,
ABNSB06010,Bubo scandiacus,Snowy Owl,,SUN (2015),Unknown,G4 (2020),NAR,,,,,
ABNSB05010,Bubo virginianus,Great Horned Owl,,S5 (2015),Yellow,G5 (2016),,,,,,
ABNGA07010,Bubulcus ibis,Cattle Egret,,SNRN (2015),No Status,G5 (2016),,,,,,
ABNJB18030,Bucephala albeola,Bufflehead,,"S5B, SNRN (2015)",Yellow,G5 (2016),,,,,,
ABNJB18010,Bucephala clangula,Common Goldeneye,,S5 (2015),Yellow,G5 (2016),,,,,,
ABNJB18020,Bucephala islandica,Barrow's Goldeneye,,S4S5 (2015),Yellow,G5 (2016),,,,,,
ABNKC19110,Buteo jamaicensis,Red-tailed Hawk,,S5 (2015),Yellow,G5 (2016),NAR,,,,,
ABNKC19130,Buteo lagopus,Rough-legged Hawk,BAFA; BG; BWBS; CDF; CWH; ESSF; ICH; IDF; IMA; MS; PP; SBPS; SBS; SWB,S3N (2015),Blue,G5 (2016),NAR,,,,,
ABNKC19050,Buteo platypterus,Broad-winged Hawk,BWBS; ICH; IDF; SBS,S3?B (2015),Blue,G5 (2016),,,,,Y,
ABNKC19120,Buteo regalis,Ferruginous Hawk,IDF,SU (2015),Unknown,G4 (2016),T,1-T (2010),,,,
ABNKC19070,Buteo swainsoni,Swainson's Hawk,BG; BWBS; CDF; ICH; IDF; MS; PP; SBS,S2B (2015),Red,G5 (2016),,,,,Y,
ABNGA08010,Butorides virescens,Green Heron,BG; CDF; CWH; ICH; IDF; PP; SBS,S3S4B (2015),Blue,G5 (2016),,,,,Y,
ABPBX98010,Calamospiza melanocorys,Lark Bunting,,SNA (2015),Accidental,G5 (2016),T,1-T (2019),,,,
ABPBXA6020,Calcarius lapponicus,Lapland Longspur,,SUM (2015),Unknown,G5 (2016),,,,,,
ABPBXA6040,Calcarius ornatus,Chestnut-collared Longspur,,SNA (2015),Accidental,G5 (2016),T,1-T (2012),,,,
ABPBXA6030,Calcarius pictus,Smith's Longspur,BAFA; BG; BWBS; CDF; CMA; CWH; IDF; MS; PP; SBS; SWB,S3S5B (2015),Blue,G4G5 (2016),,,,,,
ABNNF11140,Calidris acuminata,Sharp-tailed Sandpiper,,S4M (2015),Yellow,G5 (2016),,,,,,
ABNNF11030,Calidris alba,Sanderling,,S4S5N (2015),Yellow,G5 (2016),,,,,,
ABNNF11170,Calidris alpina,Dunlin,,S4N (2015),Yellow,G5 (2016),,,,,,
ABNNF11120,Calidris bairdii,Baird's Sandpiper,,"SUB,SUM (2015)",Unknown,G5 (2016),,,,,,
ABNNF11020,Calidris canutus,Red Knot,CDF; CWH,S1S2M (2015),Red,G4 (2016),E/T,1-T/E (2010),,,,
ABNNF11180,Calidris ferruginea,Curlew Sandpiper,,SNA (2009),Accidental,G5? (1996),,,,,,
ABNNF11110,Calidris fuscicollis,White-rumped Sandpiper,,SNA (2009),Accidental,G5 (2016),,,,,,
ABNNF11190,Calidris himantopus,Stilt Sandpiper,,SUM (2015),Unknown,G5 (2016),,,,,,
ABNNF11150,Calidris maritima,Purple Sandpiper,,SNA (2017),Accidental,G5 (2016),,,,,,
ABNNF11050,Calidris mauri,Western Sandpiper,,S4M (2015),Yellow,G5 (2016),,,,,,
ABNNF11130,Calidris melanotos,Pectoral Sandpiper,,SUM (2015),Unknown,G5 (2016),,,,,,
ABNNF11070,Calidris minuta,Little Stint,,SNA (2015),Accidental,G5 (1996),,,,,,
ABNNF11100,Calidris minutilla,Least Sandpiper,,S4?B (2015),Yellow,G5 (2016),,,,,,
ABNNF11160,Calidris ptilocnemis,Rock Sandpiper,,S4N (2015),Yellow,G5 (2016),,,,,,
ABNNF15010,Calidris pugnax,Ruff,,SNA (2015),Accidental,G5 (2016),,,,,,
ABNNF11040,Calidris pusilla,Semipalmated Sandpiper,,SUM (2015),Unknown,G5 (2016),,,,,,
ABNNF12010,Calidris pygmea,Spoon-billed Sandpiper,,SNA (2015),Accidental,G2G3 (1997),,,,,,
ABNNF11060,Calidris ruficollis,Red-necked Stint,,SNA (2015),Accidental,G4 (2016),,,,,,
ABNNF14010,Calidris subruficollis,Buff-breasted Sandpiper,,SUM (2015),Unknown,G4 (2016),SC,1-SC,,,,
ABNNF11080,Calidris temminckii,Temminck's Stint,,SNA (2015),Accidental,G5 (2016),,,,,,
ABNNF11010,Calidris tenuirostris,Great Knot,,SNA (2015),Accidental,G4G5 (1997),,,,,,
ABNNF10010,Calidris virgata,Surfbird,,S4M (2015),Yellow,G4 (2016),,,,,,
ABNLC23040,Callipepla californica,California Quail,,SNA (2015),Exotic,G5 (2016),,,,,,
ABNUC47010,Calypte anna,Anna's Hummingbird,,S4S5 (2015),Yellow,G5 (2016),,,,,,
ABNUC47020,Calypte costae,Costa's Hummingbird,,SNA (2015),Accidental,G5 (2015),,,,,,
ABNKD02020,Caracara cheriway,Crested Caracara,,SNA (2015),Accidental,G5 (2000),,,,,,
ABPBX16030,Cardellina canadensis,Canada Warbler,BWBS; CDF; CWH,S3S4B (2015),Blue,G5 (2016),SC,1-T (2010),,,Y,
ABPBX16020,Cardellina pusilla,Wilson's Warbler,,S5B (2015),Yellow,G5 (2016),,,,,,
ABNKA02010,Cathartes aura,Turkey Vulture,,S4 (2015),Yellow,G5 (2016),,,,,,
ABPBJ18080,Catharus fuscescens,Veery,,S5B (2015),Yellow,G5 (2016),,,,,,
ABPBJ18110,Catharus guttatus,Hermit Thrush,,S5B (2015),Yellow,G5 (2016),,,,,,
ABPBJ18090,Catharus minimus,Gray-cheeked Thrush,,S4S5B (2015),Yellow,G5 (2016),,,,,,
ABPBJ18100,Catharus ustulatus,Swainson's Thrush,,S5B (2015),Yellow,G5 (2016),,,,,,
ABPBG04010,Catherpes mexicanus,Canyon Wren,BG; ICH; IDF; PP,S3? (2015),Blue,G5 (2016),NAR,,,,Y,Y
ABNLC12010,Centrocercus urophasianus,Greater Sage-Grouse,BG,SX (2015),Red,G3G4 (2016),XT,1-XT (2003),,,,
ABPBXA0010,Centronyx bairdii,Baird's Sparrow,,SNA (2015),Accidental,G4 (2016),SC,1-SC (2017),,,,
ABNNN05020,Cepphus columba,Pigeon Guillemot,,S4 (2015),Yellow,G5 (2016),,,,,,
ABNNN11010,Cerorhinca monocerata,Rhinoceros Auklet,,S4 (2016),Yellow,G5 (2016),,,,,,
ABPBA01010,Certhia americana,Brown Creeper,,S5 (2015),Yellow,G5 (2016),,,,,,
ABNUA03020,Chaetura vauxi,Vaux's Swift,,S5B (2015),Yellow,G5 (2016),,,,,,
ABNNB03070,Charadrius melodus,Piping Plover,,SNA (2009),Accidental,G3 (2016),,,,,,
ABNNB03010,Charadrius mongolus,Lesser Sand-plover,,SNA (2009),Accidental,G4G5 (1996),,,,,,
ABNNB03100,Charadrius montanus,Mountain Plover,,SNA (2015),Accidental,G3 (2016),E,1-E (2003),,,,
ABNNB03030,Charadrius nivosus,Snowy Plover,,SNA (2015),Accidental,G3 (2016),,,,,,
ABNNB03060,Charadrius semipalmatus,Semipalmated Plover,,S4S5B (2015),Yellow,G5 (2016),,,,,,
ABNNB03090,Charadrius vociferus,Killdeer,,S4S5B (2015),Yellow,G5 (2016),,,,,,
ABNNM10020,Chlidonias niger,Black Tern,,S4B (2015),Yellow,G4G5 (2016),NAR,,,,,
ABPBX96010,Chondestes grammacus,Lark Sparrow,BG; BWBS; CDF; CWH; ICH; IDF; MS; PP; SBPS; SBS,S3S4B (2015),Blue,G5 (2016),,,,,Y,Y
ABNTA02010,Chordeiles acutipennis,Lesser Nighthawk,,SNA (2014),Accidental,G5 (1996),,,,,,
ABNTA02020,Chordeiles minor,Common Nighthawk,BG; BWBS; CDF; CWH; ESSF; ICH; IDF; MH; MS; PP; SBPS; SBS; SWB,S4B (2015),Yellow,G5 (2016),SC,1-T (2010),,,,
ABNNM03050,Chroicocephalus philadelphia,Bonaparte's Gull,,S5? (2015),Yellow,G5 (2016),,,,,,
ABNNM03040,Chroicocephalus ridibundus,Black-headed Gull,,SNA (2015),Accidental,G5 (2016),,,,,,
ABPBH01010,Cinclus mexicanus,American Dipper,,S4 (2015),Yellow,G5 (2016),,,,,,
ABNKC11011,Circus hudsonius,Northern Harrier,,S4B (2015),Yellow,G5 (2017),NAR,,,,,
ABPBG10020,Cistothorus palustris,Marsh Wren,,S5 (2015),Yellow,G5 (2016),,,,,,
ABPBG10010,Cistothorus platensis,Sedge Wren,,SNA (2015),Accidental,G5 (2016),NAR,,,,,
ABNJB16010,Clangula hyemalis,Long-tailed Duck,SBS,"S2S3B,S4N (2015)",Blue,G5 (2016),,,,,,
ABPBY09020,Coccothraustes vespertinus,Evening Grosbeak,BG; BWBS; CDF; CWH; ESSF; ICH; IDF; MH; MS; PP; SBPS; SBS; SWB,S5 (2015),Yellow,G5 (2016),SC,1-SC (2019),,,,
ABNRB02020,Coccyzus americanus,Yellow-billed Cuckoo,BG; CDF; CWH; ICH; PP,SXB (2015),Red,G5 (2016),,,,,,
ABNRB02010,Coccyzus erythropthalmus,Black-billed Cuckoo,,SNA (2015),Accidental,G5 (2016),,,,,,
ABNYF10020,Colaptes auratus,Northern Flicker,,S5 (2015),Yellow,G5 (2016),,,,,,
ABNPB01010,Columba livia,Rock Pigeon,,SNA (2015),Exotic,G5 (2016),,,,,,
ABPAE32010,Contopus cooperi,Olive-sided Flycatcher,BWBS; CDF; CWH; ESSF; ICH; IDF; MH; MS; PP; SBPS; SBS; SWB,S3S4B (2015),Blue,G4 (2016),SC,1-T (2010),,,,
ABPAE32050,Contopus sordidulus,Western Wood-Pewee,,S5B (2015),Yellow,G5 (2016),,,,,,
ABNKA01010,Coragyps atratus,Black Vulture,,SNA (2015),Accidental,G5 (2016),,,,,,
ABPAV10170,Corvus brachyrhynchos,American Crow,,S5 (2015),Yellow,G5 (2016),,,,,,
ABPAV10110,Corvus corax,Common Raven,,S5 (2015),Yellow,G5 (2016),,,,,,
ABNME01010,Coturnicops noveboracensis,Yellow Rail,BWBS; MS,S2B (2015),Red,G4 (2016),SC,1-SC (2003),,,Y,
ABPAV02020,Cyanocitta cristata,Blue Jay,,S4S5 (2015),Yellow,G5 (2016),,,,,,
ABPAV02010,Cyanocitta stelleri,Steller's Jay,,S5 (2015),Yellow,G5 (2016),,,,,,
ABPAV02013,Cyanocitta stelleri carlottae,"Steller's Jay, carlottae subspecies",CMA; CWH; MH,S3 (2019),Blue,G5T3 (2016),,,,,,
ABNJB02030,Cygnus buccinator,Trumpeter Swan,,"S4B,S5N (2015)",Yellow,G4 (2016),NAR,,,,,
ABNJB02010,Cygnus columbianus,Tundra Swan,,S3N (2015),Blue,G5 (2016),,,,,,
ABNJB02020,Cygnus cygnus,Whooper Swan,,SNA (2015),Accidental,G5 (2016),,,,,,
ABNJB02040,Cygnus olor,Mute Swan,,SNA (2015),Exotic,G5 (2016),,,,,,
ABNUA01010,Cypseloides niger,Black Swift,BAFA; BG; CDF; CMA; CWH; ESSF; ICH; IDF; IMA; MH; MS; PP; SBPS; SBS; SWB,S3S4B (2021),Blue,G4 (2016),E,1-E (2019),,,,
ABNLC09030,Dendragapus fuliginosus,Sooty Grouse,,S4 (2015),Yellow,G5 (2016),,,,,,
ABNLC09020,Dendragapus obscurus,Dusky Grouse,,S4 (2015),Yellow,G5 (2016),,,,,,
ABNJB01010,Dendrocygna bicolor,Fulvous Whistling-Duck,,SNA (2015),Accidental,G5 (1999),,,,,,
ABPBXA9010,Dolichonyx oryzivorus,Bobolink,BG; BWBS; CDF; CWH; ICH; IDF; PP; SBS,S3B (2015),Blue,G5 (2016),T,1-T (2017),,,Y,Y
ABNYF07070,Dryobates albolarvatus,White-headed Woodpecker,BG; ICH; IDF; PP,S1 (2015),Red,G4 (2016),E,1-E (2003),Y,,Y,Y
ABNYF07030,Dryobates pubescens,Downy Woodpecker,,S5 (2015),Yellow,G5 (2016),,,,,,
ABNYF07040,Dryobates villosus,Hairy Woodpecker,,S5 (2015),Yellow,G5 (2016),,,,,,
ABNYF07048,Dryobates villosus picoideus,"Hairy Woodpecker, picoideus subspecies",CWH,S4 (2019),Yellow,G5T4 (2019),,,Y,,,
ABNYF12020,Dryocopus pileatus,Pileated Woodpecker,,S5 (2015),Yellow,G5 (2016),,,,,,
ABPBK01010,Dumetella carolinensis,Gray Catbird,,S5B (2015),Yellow,G5 (2016),,,,,,
ABNPB05010,Ectopistes migratorius,Passenger Pigeon,,SX (2015),Extinct,GX (2020),XX,,,,,
ABNGA06040,Egretta caerulea,Little Blue Heron,,SNA (2015),Accidental,G5 (2016),,,,,,
ABNGA06030,Egretta thula,Snowy Egret,,SNA (2015),Accidental,G5 (2016),,,,,,
ABNKC06010,Elanus leucurus,White-tailed Kite,,SNA (2015),Accidental,G5 (1996),,,,,,
ABPBXA7020,Emberiza rustica,Rustic Bunting,,SNA (2015),Accidental,G5 (1997),,,,,,
ABPAE33030,Empidonax alnorum,Alder Flycatcher,,S5B (2015),Yellow,G5 (2016),,,,,,
ABPAE33120,Empidonax difficilis,Pacific-slope Flycatcher,,S5B (2015),Yellow,G5 (2016),,,,,,
ABPAE33010,Empidonax flaviventris,Yellow-bellied Flycatcher,,S4B (2015),Yellow,G5 (2016),,,,,,
ABPAE33080,Empidonax hammondii,Hammond's Flycatcher,,S5B (2015),Yellow,G5 (2016),,,,,,
ABPAE33070,Empidonax minimus,Least Flycatcher,,S5B (2015),Yellow,G5 (2016),,,,,,
ABPAE33090,Empidonax oberholseri,Dusky Flycatcher,,S5B (2015),Yellow,G5 (2016),,,,,,
ABPAE33160,Empidonax occidentalis,Cordilleran Flycatcher,,SU (2015),Unknown,G5 (2016),,,,,,
ABPAE33040,Empidonax traillii,Willow Flycatcher,,S5B (2015),Yellow,G5 (2016),,,,,,
ABPAE33020,Empidonax virescens,Acadian Flycatcher,,SNA (2015),Accidental,G5 (2016),E,1-E (2003),,,,
ABPAE33100,Empidonax wrightii,Gray Flycatcher,BG; IDF; PP,S3B (2015),Blue,G5 (2016),NAR,,,,Y,
ABPAT02010,Eremophila alpestris,Horned Lark,,S5?B (2015),Yellow,G5 (2016),,,,,,
ABPAT0201F,Eremophila alpestris merrilli,"Horned Lark, merrilli subspecies",BG; ICH; IDF; PP,S3? (2017),Blue,G5T4 (2016),,,,,,
ABPAT0201L,Eremophila alpestris strigata,"Horned Lark, strigata subspecies",CDF; CWH,SXB (2019),Red,G5T2 (2016),E,1-E (2005),,,Y,
ABNUC37020,Eugenes fulgens,Magnificent Hummingbird,,SNA (2015),Accidental,G5 (2015),,,,,,
ABPBXB5010,Euphagus carolinus,Rusty Blackbird,BG; BWBS; CDF; CWH; ESSF; MS; PP; SBPS; SBS; SWB,S3S4B (2015),Blue,G4 (2016),SC,1-SC (2009),,,,
ABPBXB5020,Euphagus cyanocephalus,Brewer's Blackbird,,S5 (2015),Yellow,G5 (2016),,,,,,
ABNLC09010,Falcipennis canadensis,Spruce Grouse,,S5 (2015),Yellow,G5 (2016),,,,,,
ABNKD06030,Falco columbarius,Merlin,,S5 (2015),Yellow,G5 (2016),NAR,,,,,
ABNKD06090,Falco mexicanus,Prairie Falcon,BG; BWBS; CDF; CWH; ESSF; ICH; IDF; MS; PP; SBS,S1 (2018),Red,G5 (2016),NAR,,Y,,,Y
ABNKD06070,Falco peregrinus,Peregrine Falcon,BG; BWBS; CDF; CWH; ESSF; ICH; IDF; MS; PP; SBS; SWB,S3 (2015),No Status,G4 (2016),SC,1-SC,,,,
ABNKD06071,Falco peregrinus anatum,"Peregrine Falcon, anatum subspecies",BG; BWBS; CDF; CWH; IDF; MS; PP; SBS,S2? (2011),Red,G4T4 (2016),NAR,1-SC (2012),,,,Y
ABNKD06073,Falco peregrinus pealei,"Peregrine Falcon, pealei subspecies",CDF; CWH,S3S4 (2019),Blue,G4T3 (2016),SC,1-SC (2003),,,,Y
ABNKD06074,Falco peregrinus tundrius,"Peregrine Falcon, tundrius subspecies",,SUM (2019),Unknown,G4T3 (2016),NAR,1-SC (2012),,,,
ABNKD06080,Falco rusticolus,Gyrfalcon,BAFA; BG; BWBS; CDF; CWH; ICH; IDF; SBPS; SBS; SWB,"S3S4B, SNRN (2015)",Blue,G5 (2016),NAR,,,,,Y
ABNKD06020,Falco sparverius,American Kestrel,,S4S5B (2015),Yellow,G5 (2016),,,,,,
ABNKD06010,Falco tinnunculus,Eurasian Kestrel,,SNA (2015),Accidental,G5 (1996),,,,,,
ABNNN12010,Fratercula cirrhata,Tufted Puffin,CDF; CWH,"S2S3B,S4N (2015)",Blue,G5 (2016),,,,,Y,
ABNNN12030,Fratercula corniculata,Horned Puffin,CDF; CWH,S2B (2015),Red,G5 (2016),,,,,Y,
ABNFF01010,Fregata magnificens,Magnificent Frigatebird,,SNA (2015),Accidental,G5 (1996),,,,,,
ABPBY01020,Fringilla montifringilla,Brambling,,SNRM (2015),No Status,G5 (2016),,,,,,
ABNME14020,Fulica americana,American Coot,,S4S5B (2015),Yellow,G5 (2016),NAR,,,,,
ABNDB01010,Fulmarus glacialis,Northern Fulmar,CDF; CWH,"S1B, S4N (2015)",Red,G5 (2016),,,,,,
ABNNF18030,Gallinago delicata,Wilson's Snipe,,S5B (2015),Yellow,G5 (2016),,,,,,
ABNME13030,Gallinula galeata,Common Moorhen,,SNA (2015),Accidental,G5 (2016),,,,,,
ABNBA01040,Gavia adamsii,Yellow-billed Loon,,S2S3N (2015),Blue,G4 (2016),NAR,,,,,
ABNBA01030,Gavia immer,Common Loon,,S5 (2015),Yellow,G5 (2016),NAR,,,,,
ABNBA01050,Gavia pacifica,Pacific Loon,,"S4B, S3S4N (2015)",Yellow,G5 (2016),,,,,,
ABNBA01010,Gavia stellata,Red-throated Loon,,S4 (2015),Yellow,G5 (2016),,,,,,
ABPBX11030,Geothlypis philadelphia,Mourning Warbler,,S4B (2015),Yellow,G5 (2016),,,,,,
ABPBX11040,Geothlypis tolmiei,MacGillivray's Warbler,,S5B (2015),Yellow,G5 (2016),,,,,,
ABPBX12010,Geothlypis trichas,Common Yellowthroat,,S5 (2015),Yellow,G5 (2016),,,,,,
ABNSB08010,Glaucidium gnoma,Northern Pygmy-owl,,S4B (2015),Yellow,G4G5 (2016),,,,,,
ABNSB08015,Glaucidium gnoma swarthi,"Northern Pygmy-owl, swarthi subspecies",CDF; CWH; MH,S3S4 (2018),Blue,G4G5T3T4Q (2019),,,Y,,Y,
ABNMK01030,Grus americana,Whooping Crane,,SNA (2015),Accidental,G1 (2016),E,1-E (2003),,,,
ABPAV07010,Gymnorhinus cyanocephalus,Pinyon Jay,,SNA (2009),Accidental,G3 (2017),,,,,,
ABNNC01020,Haematopus bachmani,Black Oystercatcher,,S4 (2015),Yellow,G5 (2016),,,,,,
ABPBY04030,Haemorhous cassinii,Cassin's Finch,,S5 (2015),Yellow,G5 (2016),,,,,,
ABPBY04040,Haemorhous mexicanus,House Finch,,S5 (2015),Yellow,G5 (2016),,,,,,
ABPBY04020,Haemorhous purpureus,Purple Finch,,S5B (2015),Yellow,G5 (2016),,,,,,
ABNKC10010,Haliaeetus leucocephalus,Bald Eagle,,"S5B,S5N (2015)",Yellow,G5 (2016),NAR,,,,,
ABNND01010,Himantopus mexicanus,Black-necked Stilt,,SNRN (2015),No Status,G5 (2016),,,,,,
ABPAU09030,Hirundo rustica,Barn Swallow,BAFA; BG; BWBS; CDF; CWH; ESSF; ICH; IDF; IMA; MH; MS; PP; SBPS; SBS; SWB,S3S4B (2015),Blue,G5 (2016),SC,1-T (2017),,,,
ABNJB15010,Histrionicus histrionicus,Harlequin Duck,,"S4B,S3N (2015)",Yellow,G4 (2016),,,,,,
ABNDC04010,Hydrobates furcatus,Fork-tailed Storm-petrel,,S4B (2015),Yellow,G5 (2016),,,,,,
ABNDC04030,Hydrobates homochroa,Ashy Storm-petrel,,SNA (2008),Accidental,G2 (2015),,,,,,
ABNDC04130,Hydrobates leucorhous,Leach's Storm-petrel,,S4B (2015),Yellow,G5 (2016),,,,,,
ABNNM03030,Hydrocoloeus minutus,Little Gull,,SNA (2015),Accidental,G5 (2016),,,,,,
ABNNM08020,Hydroprogne caspia,Caspian Tern,BG; BWBS; CDF; CWH; ICH; IDF; PP; SBS,S3B (2015),Blue,G5 (2016),NAR,,,,,
ABPBJ19010,Hylocichla mustelina,Wood Thrush,,SNA (2015),Accidental,G4 (2016),T,1-T (2017),,,,
ABPBX24010,Icteria virens,Yellow-breasted Chat,BG; CDF; CWH; ICH; IDF; PP; SBS,S2B (2018),Red,G5 (2016),E,1-E (2003),Y,,Y,Y
ABPBXB9220,Icterus bullockii,Bullock's Oriole,,S5B (2015),Yellow,G5 (2016),,,,,,
ABPBXB9080,Icterus cucullatus,Hooded Oriole,,SNA (2009),Accidental,G5 (1996),,,,,,
ABPBXB9190,Icterus galbula,Baltimore Oriole,BAFA; BWBS; ESSF; SBS,S3?B (2015),Blue,G5 (2016),,,,,,
ABPBXB9070,Icterus spurius,Orchard Oriole,,SNA (2009),Accidental,G5 (2016),,,,,,
ABNGA02010,Ixobrychus exilis,Least Bittern,,SNA (2015),Accidental,G4G5 (2017),T,1-T (2003),,,,
ABPBJ22010,Ixoreus naevius,Varied Thrush,,S5 (2015),Yellow,G5 (2016),,,,,,
ABPBXA5020,Junco hyemalis,Dark-eyed Junco,,S5 (2015),Yellow,G5 (2016),,,,,,
ABNLC10010,Lagopus lagopus,Willow Ptarmigan,,S4S5 (2015),Yellow,G5 (2016),,,,,,
ABNLC10030,Lagopus leucura,White-tailed Ptarmigan,,S5? (2015),Yellow,G5 (2016),,,,,,
ABNLC10035,Lagopus leucura saxatilis,"White-tailed Ptarmigan, saxatilis subspecies",CMA; MH,S3S4 (2018),Blue,G5T3T4 (2021),,,Y,,Y,
ABNLC10020,Lagopus muta,Rock Ptarmigan,,S4S5 (2015),Yellow,G5 (2016),,,,,,
ABPBR01040,Lanius borealis,Northern Shrike,,"S4B,S4N (2015)",Yellow,G5 (2016),,,,,,
ABPBR01010,Lanius cristatus,Brown Shrike,,SNA (2019),Accidental,G5 (1997),,,,,,
ABPBR01030,Lanius ludovicianus,Loggerhead Shrike,,SNA (2015),Accidental,G4 (2016),,,,,,
ABNNM03120,Larus argentatus,Herring Gull,,S5?B (2015),Yellow,G5 (2016),,,,,,
ABNNM03110,Larus californicus,California Gull,BG; BWBS; CDF; CWH; ICH; IDF; MS; PP; SBS,S2S3B (2015),Blue,G5 (2016),,,,,,
ABNNM03090,Larus canus,Mew Gull,,S4B (2015),Yellow,G5 (2016),,,,,,
ABNNM03220,Larus crassirostris,Black-tailed Gull,,SNA (2009),Accidental,G4 (1996),,,,,,
ABNNM03100,Larus delawarensis,Ring-billed Gull,,S4?B (2015),Yellow,G5 (2016),,,,,,
ABNNM03150,Larus fuscus,Lesser Black-backed Gull,,SNA (2009),Accidental,G5 (2016),,,,,,
ABNNM03190,Larus glaucescens,Glaucous-winged Gull,,S4 (2015),Yellow,G5 (2016),,,,,,
ABNNM03270,Larus glaucoides,Iceland Gull,,S5N (2017),Yellow,G5 (2016),,,,,,
ABNNM03060,Larus heermanni,Heermann's Gull,,SUN (2015),Unknown,G4 (2016),,,,,,
ABNNM03200,Larus hyperboreus,Glaucous Gull,,SNRM (2015),No Status,G5 (2016),,,,,,
ABNNM03210,Larus marinus,Great Black-backed Gull,,SNA (2015),Accidental,G5 (2016),,,,,,
ABNNM03180,Larus occidentalis,Western Gull,,SUN (2015),Unknown,G5 (2016),,,,,,
ABNNM03160,Larus schistisagus,Slaty-backed Gull,,SNA (2015),Accidental,G5 (1996),,,,,,
ABPBX01050,Leiothlypis celata,Orange-crowned Warbler,,S5B (2015),Yellow,G5 (2016),,,,,,
ABPBX01090,Leiothlypis luciae,Lucy's Warbler,,SNA (2016),Accidental,G5 (1996),,,,,,
ABPBX01040,Leiothlypis peregrina,Tennessee Warbler,,S5B (2015),Yellow,G5 (2016),,,,,,
ABPBX01060,Leiothlypis ruficapilla,Nashville Warbler,,S5B (2015),Yellow,G5 (2016),,,,,,
ABNNM03010,Leucophaeus atricilla,Laughing Gull,,SNA (2015),Accidental,G5 (2016),,,,,,
ABNNM03020,Leucophaeus pipixcan,Franklin's Gull,,SUN (2015),Unknown,G5 (2016),,,,,,
ABPBY02030,Leucosticte tephrocotis,Gray-crowned Rosy Finch,,S5?B (2015),Yellow,G5 (2016),,,,,,
ABNNF16010,Limnodromus griseus,Short-billed Dowitcher,BG; BWBS; CDF; CWH; ICH; IDF; PP; SWB,S2S3B (2015),Blue,G5 (2016),,,,,Y,
ABNNF16020,Limnodromus scolopaceus,Long-billed Dowitcher,,S4N (2015),Yellow,G5 (2016),,,,,,
ABNNF08040,Limosa fedoa,Marbled Godwit,,SUM (2015),Unknown,G5 (2016),,,,,,
ABNNF08020,Limosa haemastica,Hudsonian Godwit,BWBS; CDF; CWH; IDF; MS; SWB,S1B (2020),Red,G4 (2016),T,,,,Y,
ABNNF08030,Limosa lapponica,Bar-tailed Godwit,,SNA (2015),Accidental,G4 (2016),,,,,,
ABNJB20010,Lophodytes cucullatus,Hooded Merganser,,S5 (2015),Yellow,G5 (2016),,,,,,
ABPBY05050,Loxia curvirostra,Red Crossbill,,S5 (2015),Yellow,G5 (2016),,,,,,
ABPBY05020,Loxia leucoptera,White-winged Crossbill,,S5 (2015),Yellow,G5 (2016),,,,,,
ABNJB10180,Mareca americana,American Wigeon,,"S5B,S5N (2015)",Yellow,G5 (2016),,,,,,
ABNJB10030,Mareca falcata,Falcated Duck,,SNA (2015),Accidental,G4G5 (1996),,,,,,
ABNJB10170,Mareca penelope,Eurasian Wigeon,,SNRN (2015),No Status,G5 (2016),,,,,,
ABNJB10160,Mareca strepera,Gadwall,,S5 (2015),Yellow,G5 (2016),,,,,,
ABNXD01020,Megaceryle alcyon,Belted Kingfisher,,S4S5 (2015),Yellow,G5 (2016),,,,,,
ABNSB01040,Megascops kennicottii,Western Screech-Owl,BG; CDF; CWH; ICH; IDF; PP,S4 (2015),No Status,G4G5 (2016),T,1-T,,,,
ABNSB01042,Megascops kennicottii kennicottii,"Western Screech-Owl, kennicottii subspecies",CDF; CWH; MH,S2S3 (2017),Blue,G4G5T4 (2016),T,1-T (2005),,,Y,
ABNSB01041,Megascops kennicottii macfarlanei,"Western Screech-Owl, macfarlanei subspecies",BG; ICH; IDF; PP,S3 (2017),Blue,G4G5T4 (2016),T,1-T (2005),Y,,Y,Y
ABNYF04040,Melanerpes erythrocephalus,Red-headed Woodpecker,,SNA (2015),Accidental,G5 (2016),E,1-E (2021),,,,
ABNYF04050,Melanerpes formicivorus,Acorn Woodpecker,,SNA (2015),Accidental,G5 (1996),,,,,,
ABNYF04010,Melanerpes lewis,Lewis's Woodpecker,BG; CDF; CWH; ICH; IDF; PP; SBS,S2S3B (2015),Blue,G4 (2016),T,1-T (2012),Y,,Y,Y
ABNJB17040,Melanitta americana,Black Scoter,CDF; CMA; CWH; MH,S3S4N (2015),Blue,G5 (2016),,,,,,
ABNJB17070,Melanitta deglandi,White-winged Scoter,,S4S5 (2015),Yellow,G5 (2020),,,,,,
ABNJB17020,Melanitta perspicillata,Surf Scoter,BG; BWBS; CDF; CWH; ICH; IDF; MS; PP; SBPS; SBS; SWB,"S3B,S4N (2015)",Blue,G5 (2016),,,,,Y,
ABNLC14010,Meleagris gallopavo,Wild Turkey,,SNA (2015),Exotic,G5 (2016),,,,,,
ABPBXA3030,Melospiza georgiana,Swamp Sparrow,,S4S5 (2015),Yellow,G5 (2016),,,,,,
ABPBXA3020,Melospiza lincolnii,Lincoln's Sparrow,,"S5B, SNRN (2015)",Yellow,G5 (2016),,,,,,
ABPBXA3010,Melospiza melodia,Song Sparrow,,S5 (2015),Yellow,G5 (2016),,,,,,
ABNJB19010,Mergellus albellus,Smew,,SNA (2015),Accidental,G4 (2016),,,,,,
ABNJB21010,Mergus merganser,Common Merganser,,S5 (2015),Yellow,G5 (2016),,,,,,
ABNJB21020,Mergus serrator,Red-breasted Merganser,,"S4B, SNRN (2015)",Yellow,G5 (2016),,,,,,
ABPBK03010,Mimus polyglottos,Northern Mockingbird,,SNRN (2015),No Status,G5 (2016),,,,,,
ABPBX05010,Mniotilta varia,Black-and-white Warbler,,S4S5B (2015),Yellow,G5 (2016),,,,,,
ABPBXB7030,Molothrus ater,Brown-headed Cowbird,,S5 (2015),Yellow,G5 (2016),,,,,,
ABPBJ29010,Monticola solitarius,Blue Rock-thrush,,SNA (2015),Accidental,G5 (2001),,,,,,
ABPBM01030,Motacilla alba,White Wagtail,,SNA (2015),Accidental,G5 (1997),,,,,,
ABPBM01020,Motacilla cinerea,Gray Wagtail,,SNA (2015),Accidental,G5 (1997),,,,,,
ABPBM01050,Motacilla citreola,Citrine Wagtail,,SNA (2012),Accidental,G5 (1996),,,,,,
ABPBM01060,Motacilla tschutschensis,Eastern Yellow Wagtail,,SNA (2015),Accidental,G5 (2016),,,,,,
ABPBJ16010,Myadestes townsendi,Townsend's Solitaire,,S5B (2015),Yellow,G5 (2016),,,,,,
ABNGF02010,Mycteria americana,Wood Stork,,SNA (2015),Accidental,G4 (1996),,,,,,
ABPAE43050,Myiarchus cinerascens,Ash-throated Flycatcher,,SNA (2015),Accidental,G5 (1996),,,,,,
ABPAE43070,Myiarchus crinitus,Great Crested Flycatcher,,SNA (2009),Accidental,G5 (2016),,,,,,
ABPBX19010,Myioborus pictus,Painted Redstart,,SNA (2015),Accidental,G5 (1996),,,,,,
ABPAV08010,Nucifraga columbiana,Clark's Nutcracker,,S5 (2015),Yellow,G5 (2016),,,,,,
ABNNF07070,Numenius americanus,Long-billed Curlew,BG; CDF; CWH; ICH; IDF; PP; SBPS; SBS,S3B (2018),Blue,G5 (2016),SC,1-SC (2005),Y,,Y,
ABNNF07050,Numenius madagascariensis,Far Eastern Curlew,,SNA (2015),Accidental,G4 (1996),,,,,,
ABNNF07020,Numenius phaeopus,Whimbrel,,S1S2B (2019),Red,G5 (2016),,,,,,
ABNNF07030,Numenius tahitiensis,Bristle-thighed Curlew,,SNA (2015),Accidental,G2 (2008),,,,,,
ABNGA11010,Nycticorax nycticorax,Black-crowned Night-heron,BG; CDF; CWH; ICH; IDF; PP,S1 (2015),Red,G5 (2016),,,,,,
ABPBJ14010,Oenanthe oenanthe,Northern Wheatear,,SNA (2015),Accidental,G5 (2016),,,,,,
ABNNM08120,Onychoprion aleuticus,Aleutian Tern,,SNA (2015),Accidental,G4 (2008),,,,,,
ABPBX11020,Oporornis agilis,Connecticut Warbler,BWBS; CWH,S3B (2015),Blue,G4G5 (2016),,,Y,,Y,
ABPBK04010,Oreoscoptes montanus,Sage Thrasher,BG; CDF; CWH; ICH; IDF; PP,S1B (2015),Red,G4 (2016),E,1-E (2003),Y,,Y,Y
ABNJB22010,Oxyura jamaicensis,Ruddy Duck,,S5 (2015),Yellow,G5 (2016),,,,,,
ABNNM07010,Pagophila eburnea,Ivory Gull,,SNA (2015),Accidental,G4 (2016),E,1-E (2003),,,,
ABNKC01010,Pandion haliaetus,Osprey,,S5B (2015),Yellow,G5 (2016),,,,,,
ABPBX10020,Parkesia noveboracensis,Northern Waterthrush,,S5B (2015),Yellow,G5 (2016),,,,,,
ABPBZ01010,Passer domesticus,House Sparrow,,SNA (2015),Exotic,G5 (2016),,,,,,
ABPBX99010,Passerculus sandwichensis,Savannah Sparrow,,S5B (2015),Yellow,G5 (2016),,,,,,
ABPBXA2010,Passerella iliaca,Fox Sparrow,,S5 (2015),Yellow,G5 (2016),,,,,,
ABPBX64020,Passerina amoena,Lazuli Bunting,,S5B (2015),Yellow,G5 (2016),,,,,,
ABPBX64010,Passerina caerulea,Blue Grosbeak,,SNA (2015),Accidental,G5 (2016),,,,,,
ABPBX64030,Passerina cyanea,Indigo Bunting,,SNA (2015),Accidental,G5 (2016),,,,,,
ABNPB01080,Patagioenas fasciata,Band-tailed Pigeon,CDF; CWH; ICH; IDF; MS; SBS,S3S4 (2015),Blue,G4 (2016),SC,1-SC (2011),,,,
ABNFC01010,Pelecanus erythrorhynchos,American White Pelican,BG; BWBS; CDF; CWH; ICH; IDF; MS; PP; SBPS; SBS,S1B (2015),Red,G4 (2016),NAR,,Y,,Y,
ABNFC01020,Pelecanus occidentalis,Brown Pelican,,SNRM (2015),No Status,G4 (2016),,,,,,
ABNLC01010,Perdix perdix,Gray Partridge,,SNA (2015),Exotic,G5 (2016),,,,,,
ABPAV01010,Perisoreus canadensis,Canada Jay,,S5 (2015),Yellow,G5 (2016),,,,,,
ABPAU09020,Petrochelidon fulva,Cave Swallow,,SNA (2012),Accidental,G5 (1996),,,,,,
ABPAU09010,Petrochelidon pyrrhonota,Cliff Swallow,,S4S5B (2015),Yellow,G5 (2016),,,,,,
ABNFA01030,Phaethon rubricauda,Red-tailed Tropicbird,,SNA (2015),Accidental,G4G5 (2004),,,,,,
ABNFD01020,Phalacrocorax auritus,Double-crested Cormorant,BWBS; CDF; CWH; ICH; IDF; PP; SBPS; SBS,S3S4 (2015),Blue,G5 (2016),NAR,,,,Y,
ABNFD01050,Phalacrocorax pelagicus,Pelagic Cormorant,,S4 (2015),Yellow,G5 (2016),,,,,,
ABNFD01040,Phalacrocorax penicillatus,Brandt's Cormorant,CDF; CMA; CWH; MH,"S1B,S4N (2015)",Red,G5 (2016),,,,,Y,
ABNFD01060,Phalacrocorax urile,Red-faced Cormorant,,SNA (2015),Accidental,G5 (2006),,,,,,
ABNTA04010,Phalaenoptilus nuttallii,Common Poorwill,,S4?B (2015),Yellow,G5 (2016),DD,,,,,
ABNNF20030,Phalaropus fulicarius,Red Phalarope,,SUM (2015),Unknown,G5 (2016),,,,,,
ABNNF20020,Phalaropus lobatus,Red-necked Phalarope,BG; BWBS; CDF; CWH; ICH; IDF; MS; PP; SBPS; SBS; SWB,S3S4B (2015),Blue,G4G5 (2016),SC,1-SC (2019),,,,
ABNNF20010,Phalaropus tricolor,Wilson's Phalarope,,S4B (2015),Yellow,G5 (2016),,,,,,
ABNLC07010,Phasianus colchicus,Ring-necked Pheasant,,SNA (2015),Exotic,G5 (2016),,,,,,
ABPBX61030,Pheucticus ludovicianus,Rose-breasted Grosbeak,,S4S5B (2015),Yellow,G5 (2016),,,,,,
ABPBX61040,Pheucticus melanocephalus,Black-headed Grosbeak,,S5B (2016),Yellow,G5 (2016),,,,,,
ABNDA01020,Phoebastria albatrus,Short-tailed Albatross,,S1N (2015),Red,G1 (2016),T,1-T (2005),,,,
ABNDA01040,Phoebastria immutabilis,Laysan Albatross,,S3N (2015),Blue,G3G4 (2016),,,,,,
ABNDA01030,Phoebastria nigripes,Black-footed Albatross,,S3S4N (2015),Blue,G3G4 (2016),SC,1-SC (2009),,,,
ABPBJ04040,Phylloscopus inornatus,Yellow-browed Warbler,,SNA (2019),Accidental,G5 (2002),,,,,,
ABPAV09010,Pica hudsonia,Black-billed Magpie,,S5 (2015),Yellow,G5 (2016),,,,,,
ABNYF07090,Picoides arcticus,Black-backed Woodpecker,,S4S5B (2015),Yellow,G5 (2017),,,,,,
ABNYF07110,Picoides dorsalis,American Three-toed Woodpecker,,S5 (2015),Yellow,G5 (2016),,,,,,
ABPBY03010,Pinicola enucleator,Pine Grosbeak,,S5 (2015),Yellow,G5 (2016),,,,,,
ABPBY03013,Pinicola enucleator carlottae,"Pine Grosbeak, carlottae subspecies",CMA; CWH; MH,S3 (2005),Blue,G5T3 (2016),,,,,,
ABPBX74010,Pipilo chlorurus,Green-tailed Towhee,,SNA (2015),Accidental,G5 (1998),,,,,,
ABPBX74080,Pipilo maculatus,Spotted Towhee,,S5 (2015),Yellow,G5 (2016),,,,,,
ABPBX45050,Piranga ludoviciana,Western Tanager,,S5B (2015),Yellow,G5 (2016),,,,,,
ABPBX45040,Piranga olivacea,Scarlet Tanager,,SNA (2015),Accidental,G5 (2016),,,,,,
ABPBXA8020,Plectrophenax hyperboreus,Mckay's Bunting,,SNA (2015),Accidental,G3 (2008),,,,,,
ABPBXA8010,Plectrophenax nivalis,Snow Bunting,,"S4?B,S5?N (2015)",Yellow,G5 (2016),,,,,,
ABNGE02020,Plegadis chihi,White-faced Ibis,,SNA (2015),Accidental,G5 (2016),,,,,,
ABNNB02030,Pluvialis dominica,American Golden-Plover,BAFA; BG; BWBS; CDF; CWH; ICH; IDF; MS; PP; SBS; SWB,S3S4B (2015),Blue,G5 (2016),,,,,,
ABNNB02040,Pluvialis fulva,Pacific Golden-Plover,,SNRM (2015),No Status,G5 (2016),,,,,,
ABNNB02010,Pluvialis squatarola,Black-bellied Plover,,S5N (2015),Yellow,G5 (2016),,,,,,
ABNCA03010,Podiceps auritus,Horned Grebe,,"S4B, SNRN (2015)",Yellow,G5 (2016),SC,1-SC,,,,
ABNCA03020,Podiceps grisegena,Red-necked Grebe,,S5?B (2015),Yellow,G5 (2016),NAR,,,,,
ABNCA03030,Podiceps nigricollis,Eared Grebe,BAFA; BG; BWBS; CMA; CWH; ESSF; ICH; IDF; IMA; MH; MS; PP; SBPS; SBS,S3B (2015),Blue,G5 (2016),,,,,,
ABNCA02010,Podilymbus podiceps,Pied-billed Grebe,,S4 (2015),Yellow,G5 (2016),,,,,,
ABPAW01010,Poecile atricapillus,Black-capped Chickadee,,S5 (2015),Yellow,G5 (2016),,,,,,
ABPAW01040,Poecile gambeli,Mountain Chickadee,,S5 (2015),Yellow,G5 (2016),,,,,,
ABPAW01060,Poecile hudsonicus,Boreal Chickadee,,S5 (2015),Yellow,G5 (2016),,,,,,
ABPAW01070,Poecile rufescens,Chestnut-backed Chickadee,,S5 (2015),Yellow,G5 (2016),,,,,,
ABPBJ08010,Polioptila caerulea,Blue-gray Gnatcatcher,,SNA (2015),Accidental,G5 (2016),,,,,,
ABNJB13010,Polysticta stelleri,Steller's Eider,,SNA (2015),Accidental,G3 (2008),,,,,,
ABPBX95010,Pooecetes gramineus,Vesper Sparrow,,S5B (2015),Yellow,G5 (2016),,,,,,
ABPBX95011,Pooecetes gramineus affinis,"Vesper Sparrow, affinis subspecies",CDF,S1B (2019),Red,G5T3? (2016),E,1-E (2007),,,Y,
ABNME08020,Porzana carolina,Sora,,S5 (2015),Yellow,G5 (2016),,,,,,
ABPAU01010,Progne subis,Purple Martin,BWBS; CDF; CWH; ICH,S3S4B (2020),Blue,G5 (2016),,,,,Y,
ABPBX07010,Protonotaria citrea,Prothonotary Warbler,,SNA (2015),Accidental,G5 (2016),E,1-E (2003),,,,
ABPBL01010,Prunella montanella,Siberian Accentor,,SNA (2015),Accidental,G5 (1997),,,,,,
ABPAY01010,Psaltriparus minimus,Bushtit,,S4B (2015),Yellow,G5 (2016),,,,,,
ABNSB01020,Psiloscops flammeolus,Flammulated Owl,BG; IDF; PP,S3B (2015),Blue,G4 (2016),SC,1-SC (2003),Y,,Y,Y
ABNDB03090,Pterodroma cookii,Cook's Petrel,,SNA (2010),Accidental,G2G3 (1996),,,,,,
ABNDB03050,Pterodroma inexpectata,Mottled Petrel,,SUN (2015),Unknown,G3G4 (2009),,,,,,
ABNDB03160,Pterodroma sandwichensis,Hawaiian Petrel,,SNA (2014),Accidental,G2 (2007),,,,,,
ABNDB03060,Pterodroma ultima,Murphy's Petrel,,SUN (2015),Unknown,G2G3 (1996),,,,,,
ABNNN08010,Ptychoramphus aleuticus,Cassin's Auklet,CDF; CWH,"S2B,S3N (2018)",Red,G4 (2016),SC,1-SC (2019),Y,,Y,
ABNDB07100,Puffinus opisthomelas,Black-vented Shearwater,,SNA (2015),Accidental,G2 (2002),,,,,,
ABNDB07090,Puffinus puffinus,Manx Shearwater,,SNA (2015),Accidental,G5 (2016),,,,,,
ABPBXB6050,Quiscalus mexicanus,Great-tailed Grackle,,SNA (2015),Accidental,G5 (2016),,,,,,
ABPBXB6070,Quiscalus quiscula,Common Grackle,,S4S5B (2015),Yellow,G5 (2016),,,,,,
ABNME05030,Rallus limicola,Virginia Rail,,S4S5 (2016),Yellow,G5 (2016),,,,,,
ABNND02010,Recurvirostra americana,American Avocet,BG; BWBS; CDF; CWH; ICH; IDF; MS; PP; SBPS,S2S3B (2015),Blue,G5 (2016),,,,,Y,
ABPBJ05020,Regulus calendula,Ruby-crowned Kinglet,,S5 (2015),Yellow,G5 (2016),,,,,,
ABPBJ05010,Regulus satrapa,Golden-crowned Kinglet,,S5 (2015),Yellow,G5 (2016),,,,,,
ABNNM05010,Rhodostethia rosea,Ross's Gull,,SNA (2015),Accidental,G4 (2016),T,1-T (2003),,,,
ABPBXA6010,Rhynchophanes mccownii,Thick-billed Longspur,,SNA (2015),Accidental,G4 (2016),T,1-T (2007),,,,
ABPAU08010,Riparia riparia,Bank Swallow,,S4B (2015),Yellow,G5 (2016),T,1-T (2017),,,,
ABNNM04020,Rissa brevirostris,Red-legged Kittiwake,,SNA (2010),Accidental,G3 (2008),,,,,,
ABNNM04010,Rissa tridactyla,Black-legged Kittiwake,,S1 (2015),Red,G5 (2016),,,,,,
ABPBG03010,Salpinctes obsoletus,Rock Wren,,S4S5B (2015),Yellow,G5 (2016),,,,,,
ABPAE35010,Sayornis nigricans,Black Phoebe,,SNA (2015),Accidental,G5 (1996),,,,,,
ABPAE35020,Sayornis phoebe,Eastern Phoebe,,S5B (2015),Yellow,G5 (2016),,,,,,
ABPAE35030,Sayornis saya,Say's Phoebe,,S5B (2015),Yellow,G5 (2016),,,,,,
ABPBX10010,Seiurus aurocapilla,Ovenbird,,S5B (2015),Yellow,G5 (2016),,,,,,
ABNUC48010,Selasphorus calliope,Calliope Hummingbird,,S5B (2015),Yellow,G5 (2016),,,,,,
ABNUC51010,Selasphorus platycercus,Broad-tailed Hummingbird,,SNA (2010),Accidental,G5 (2015),,,,,,
ABNUC51020,Selasphorus rufus,Rufous Hummingbird,,S4S5B (2015),Yellow,G4 (2020),,,,,,
ABPBX02010,Setophaga americana,Northern Parula,,SNA (2009),Accidental,G5 (2016),,,,,,
ABPBX03050,Setophaga caerulescens,Black-throated Blue Warbler,,SNA (2015),Accidental,G5 (2016),,,,,,
ABPBX03220,Setophaga castanea,Bay-breasted Warbler,BWBS; CWH; ICH; MS; SBS,S2B (2015),Red,G5 (2016),,,Y,,Y,
ABPBX16010,Setophaga citrina,Hooded Warbler,,SNA (2015),Accidental,G5 (2016),NAR,,,,,
ABPBX03060,Setophaga coronata,Yellow-rumped Warbler,,S5B (2015),Yellow,G5 (2016),,,,,,
ABPBX03190,Setophaga discolor,Prairie Warbler,,SNA (2009),Accidental,G5 (2016),NAR,,,,,
ABPBX03130,Setophaga dominica,Yellow-throated Warbler,,SNA (2009),Accidental,G5 (1996),,,,,,
ABPBX03120,Setophaga fusca,Blackburnian Warbler,,SNA (2015),Accidental,G5 (2016),,,,,,
ABPBX03030,Setophaga magnolia,Magnolia Warbler,,S5B (2015),Yellow,G5 (2016),,,,,,
ABPBX03070,Setophaga nigrescens,Black-throated Gray Warbler,,S4S5B (2015),Yellow,G5 (2016),,,,,,
ABPBX03090,Setophaga occidentalis,Hermit Warbler,,SNA (2009),Accidental,G4G5 (2016),,,,,,
ABPBX03210,Setophaga palmarum,Palm Warbler,,S4S5B (2015),Yellow,G5 (2016),,,,,,
ABPBX03020,Setophaga pensylvanica,Chestnut-sided Warbler,,SNA (2015),Accidental,G5 (2016),,,,,,
ABPBX03010,Setophaga petechia,Yellow Warbler,,S5B (2015),Yellow,G5 (2016),,,,,,
ABPBX03170,Setophaga pinus,Pine Warbler,,SNA (2009),Accidental,G5 (2016),,,,,,
ABPBX06010,Setophaga ruticilla,American Redstart,,S5B (2015),Yellow,G5 (2016),,,,,,
ABPBX03230,Setophaga striata,Blackpoll Warbler,,S5B (2015),Yellow,G5 (2016),,,,,,
ABPBX03040,Setophaga tigrina,Cape May Warbler,BWBS; MS; SBS,S3S4B (2018),Blue,G5 (2016),,,Y,,Y,
ABPBX03080,Setophaga townsendi,Townsend's Warbler,,S5B (2015),Yellow,G5 (2016),,,,,,
ABPBX03100,Setophaga virens,Black-throated Green Warbler,BWBS; CDF; CWH; ESSF; ICH; SBS,S3B (2015),Blue,G5 (2016),,,Y,,Y,
ABPBJ15030,Sialia currucoides,Mountain Bluebird,,S4S5B (2015),Yellow,G5 (2016),,,,,,
ABPBJ15020,Sialia mexicana,Western Bluebird,,S4B (2015),Yellow,G5 (2016),,,,,,
ABPBJ15010,Sialia sialis,Eastern Bluebird,,SNA (2018),Accidental,G5 (2016),NAR,,,,,
ABNJB10020,Sibirionetta formosa,Baikal Teal,,SNA (2015),Accidental,G4 (1996),,,,,,
ABPAZ01010,Sitta canadensis,Red-breasted Nuthatch,,S5 (2015),Yellow,G5 (2016),,,,,,
ABPAZ01020,Sitta carolinensis,White-breasted Nuthatch,,S5 (2015),Yellow,G5 (2016),,,,,,
ABPAZ01030,Sitta pygmaea,Pygmy Nuthatch,,S4 (2015),Yellow,G5 (2016),,,,,,
ABNJB12030,Somateria fischeri,Spectacled Eider,,SNA (2015),Accidental,G3 (2009),,,,,,
ABNJB12010,Somateria mollissima,Common Eider,,SNA (2015),Accidental,G5 (2016),,,,,,
ABNJB12020,Somateria spectabilis,King Eider,,SNA (2015),Accidental,G5 (2016),,,,,,
ABNJB10150,Spatula clypeata,Northern Shoveler,,"S5B,S5N (2015)",Yellow,G5 (2016),,,,,,
ABNJB10140,Spatula cyanoptera,Cinnamon Teal,,S4B (2015),Yellow,G5 (2016),,,,,,
ABNJB10130,Spatula discors,Blue-winged Teal,,S4S5B (2015),Yellow,G5 (2016),,,,,,
ABNJB10120,Spatula querquedula,Garganey,,SNA (2015),Accidental,G5 (1996),,,,,,
ABNYF05040,Sphyrapicus nuchalis,Red-naped Sapsucker,,S5B (2015),Yellow,G5 (2016),,,,,,
ABNYF05020,Sphyrapicus ruber,Red-breasted Sapsucker,,S5B (2015),Yellow,G5 (2016),,,,,,
ABNYF05030,Sphyrapicus thyroideus,Williamson's Sapsucker,BG; ICH; IDF; MS; PP,S3B (2020),Blue,G5 (2016),E,1-E (2006),,,Y,
ABNYF05031,Sphyrapicus thyroideus nataliae,"Williamson's Sapsucker, nataliae subspecies",IDF; MS; PP,SNR (2012),No Status,G5T5 (2016),E,1-E (2006),Y,,,
ABNYF05032,Sphyrapicus thyroideus thyroideus,"Williamson's Sapsucker, thyroideus subspecies",BG; ICH; IDF; MS; PP,SNRB (2012),No Status,G5T4 (2016),E,1-E (2006),Y,,,
ABNYF05010,Sphyrapicus varius,Yellow-bellied Sapsucker,,S5B (2015),Yellow,G5 (2016),,,,,,
ABPBY06030,Spinus pinus,Pine Siskin,,S5B (2015),Yellow,G5 (2016),,,,,,
ABPBY06090,Spinus psaltria,Lesser Goldfinch,,SNA (2015),Accidental,G5 (1996),,,,,,
ABPBY06110,Spinus tristis,American Goldfinch,,S4 (2015),Yellow,G5 (2016),,,,,,
ABPBX65010,Spiza americana,Dickcissel,,SNA (2015),Accidental,G5 (2016),,,,,,
ABPBX94040,Spizella breweri,Brewer's Sparrow,,S4?B (2015),Yellow,G5 (2016),,,,,,
ABPBX94041,Spizella breweri breweri,"Brewer's Sparrow, breweri subspecies",BG; IDF; PP,S2S3B (2018),Blue,G5T5 (2016),,,Y,,Y,Y
ABPBX94030,Spizella pallida,Clay-colored Sparrow,,S5B (2015),Yellow,G5 (2016),,,,,,
ABPBX94020,Spizella passerina,Chipping Sparrow,,S5B (2015),Yellow,G5 (2016),,,,,,
ABPBX94050,Spizella pusilla,Field Sparrow,,SNA (2015),Accidental,G5 (2016),,,,,,
ABPBX94010,Spizelloides arborea,American Tree Sparrow,,S4B (2015),Yellow,G5 (2016),,,,,,
ABPAU07010,Stelgidopteryx serripennis,Northern Rough-winged Swallow,,S4S5B (2015),Yellow,G5 (2016),,,,,,
ABNNM01030,Stercorarius longicaudus,Long-tailed Jaeger,,SNRM (2015),No Status,G5 (2016),,,,,,
ABNNM01050,Stercorarius maccormicki,South Polar Skua,,SUM (2015),Unknown,G5 (2016),,,,,,
ABNNM01020,Stercorarius parasiticus,Parasitic Jaeger,BWBS,"S1B,SUM (2015)",Red,G5 (2016),,,,,Y,
ABNNM01010,Stercorarius pomarinus,Pomarine Jaeger,,SUM (2015),Unknown,G5 (2016),,,,,,
ABNNM08090,Sterna forsteri,Forster's Tern,BG; BWBS; CDF; CWH; ICH; IDF; PP,S1B (2015),Red,G5 (2016),DD,,,,Y,
ABNNM08070,Sterna hirundo,Common Tern,,SUM (2015),Unknown,G5 (2016),NAR,,,,,
ABNNM08080,Sterna paradisaea,Arctic Tern,,S4B (2015),Yellow,G5 (2016),,,,,,
ABNNM08100,Sternula antillarum,Least Tern,,SNA (2015),Accidental,G4 (2016),,,,,,
ABNPB02030,Streptopelia decaocto,Eurasian Collared-Dove,,SNA (2009),Exotic,G5 (2016),,,,,,
ABNPB02040,Streptopelia orientalis,Oriental Turtle-Dove,,SNA (2015),Accidental,G4 (1996),,,,,,
ABNSB12040,Strix nebulosa,Great Gray Owl,,S4 (2015),Yellow,G5 (2016),NAR,,,,,
ABNSB12010,Strix occidentalis,Spotted Owl,CWH; ESSF; IDF; MH,S1 (2018),Red,G3G4 (2016),E,1-E (2003),Y,,,Y
ABNSB12020,Strix varia,Barred Owl,,S5 (2015),Yellow,G5 (2016),,,,,,
ABPBXB2030,Sturnella neglecta,Western Meadowlark,,"S4B, SNRN (2015)",Yellow,G5 (2016),,,,,,
ABPBT01010,Sturnus vulgaris,European Starling,,SNA (2015),Exotic,G5 (2016),,,,,,
ABNFB01030,Sula leucogaster,Brown Booby,,SNA (2013),Accidental,G5 (2014),,,,,,
ABNFB01020,Sula nebouxii,Blue-footed Booby,,SNA (2013),Accidental,G4G5 (1996),,,,,,
ABNFB01040,Sula sula,Red-footed Booby,,SNA (2019),Accidental,G5 (2004),,,,,,
ABNSB07010,Surnia ulula,Northern Hawk Owl,,S4S5 (2015),Yellow,G5 (2016),NAR,,,,,
ABNNN07030,Synthliboramphus antiquus,Ancient Murrelet,CDF; CWH,"S2S3B,S4N (2020)",Blue,G4 (2016),SC,1-SC (2006),Y,,Y,
ABNNN07011,Synthliboramphus hypoleucus,Guadalupe Murrelet,,SNA (2018),Accidental,G2 (2007),,,,,,
ABNNN07012,Synthliboramphus scrippsi,Scripps's Murrelet,,SNA (2015),Accidental,G3 (2005),,,,,,
ABPAU03010,Tachycineta bicolor,Tree Swallow,,S4S5B (2015),Yellow,G5 (2016),,,,,,
ABPAU03040,Tachycineta thalassina,Violet-green Swallow,,S4S5B (2015),Yellow,G5 (2016),,,,,,
ABPBJ27010,Tarsiger cyanurus,Red-flanked Bluetail,,SNA (2014),Accidental,G5 (1997),,,,,,
ABNNM08040,Thalasseus elegans,Elegant Tern,,SNA (2015),Accidental,G2 (2009),,,,,,
ABPBG07010,Thryomanes bewickii,Bewick's Wren,,S4 (2015),Yellow,G5 (2016),,,,,,
ABPBK06070,Toxostoma curvirostre,Curve-billed Thrasher,,SNA (2017),Accidental,G5 (1996),,,,,,
ABPBK06010,Toxostoma rufum,Brown Thrasher,,SNA (2015),Accidental,G5 (2016),,,,,,
ABNNF01050,Tringa erythropus,Spotted Redshank,,SNA (2015),Accidental,G5 (1997),,,,,,
ABNNF01030,Tringa flavipes,Lesser Yellowlegs,,S4S5B (2015),Yellow,G5 (2016),T,,,,,
ABNNF01060,Tringa glareola,Wood Sandpiper,,SNA (2009),Accidental,G5 (1996),,,,,,
ABNNF03010,Tringa incana,Wandering Tattler,BWBS; CDF; CWH; IDF; SBS; SWB,S3B (2015),Blue,G4G5 (2016),,,,,,
ABNNF01020,Tringa melanoleuca,Greater Yellowlegs,,"S5B, SUN (2015)",Yellow,G5 (2016),,,,,,
ABNNF02010,Tringa semipalmata,Willet,,SNA (2015),Accidental,G5 (2016),,,,,,
ABNNF01070,Tringa solitaria,Solitary Sandpiper,,S5B (2015),Yellow,G5 (2016),,,,,,
ABPBG09010,Troglodytes aedon,House Wren,,S5B (2015),Yellow,G5 (2016),,,,,,
ABPBG09100,Troglodytes hiemalis,Winter Wren,BAFA; BWBS; ESSF; SBS; SWB,S3S4B (2015),Blue,G5 (2016),,,,,,
ABPBG09090,Troglodytes pacificus,Pacific Wren,,S5 (2015),Yellow,G5 (2016),,,,,,
ABPBJ20240,Turdus eunomus,Dusky Thrush,,SNA (2015),Accidental,G4G5 (1997),,,,,,
ABPBJ20170,Turdus migratorius,American Robin,,S5 (2015),Yellow,G5 (2016),,,,,,
ABPBJ20040,Turdus pilaris,Fieldfare,,SNA (2009),Accidental,G5 (1997),,,,,,
ABNLC13030,Tympanuchus phasianellus,Sharp-tailed Grouse,,S4 (2015),Yellow,G5 (2016),,,,,,
ABNLC13033,Tympanuchus phasianellus columbianus,"Sharp-tailed Grouse, columbianus subspecies",BG; IDF; PP; SBPS; SBS,S2S3 (2005),Blue,G5T3 (2016),,,Y,,Y,Y
ABPAE52040,Tyrannus crassirostris,Thick-billed Kingbird,,SNA (2015),Accidental,G5 (1996),,,,,,
ABPAE52070,Tyrannus dominicensis,Gray Kingbird,,SNA (2015),Accidental,G5 (2014),,,,,,
ABPAE52100,Tyrannus forficatus,Scissor-tailed Flycatcher,,SNA (2015),Accidental,G5 (2016),,,,,,
ABPAE52010,Tyrannus melancholicus,Tropical Kingbird,,SNA (2015),Accidental,G5 (1996),,,,,,
ABPAE52060,Tyrannus tyrannus,Eastern Kingbird,,S5B (2015),Yellow,G5 (2016),,,,,,
ABPAE52050,Tyrannus verticalis,Western Kingbird,,S4S5B (2015),Yellow,G5 (2016),,,,,,
ABNSA01010,Tyto alba,Barn Owl,BG; BWBS; CDF; CWH; ICH; IDF; PP,S2? (2015),Red,G5 (2016),T,1-T (2018),,,,
ABNNN02010,Uria aalge,Common Murre,CDF; CWH,"S2B,S3S4N (2015)",Red,G5 (2016),,,,,Y,
ABNNN02020,Uria lomvia,Thick-billed Murre,CWH,"S1B, SUN (2015)",Red,G5 (2016),,,,,Y,
ABPBW01120,Vireo atricapilla,Black-capped Vireo,,SNA (2009),Accidental,G3 (2008),,,,,,
ABPBW01110,Vireo bellii,Bell's Vireo,,SNA (2020),Accidental,G5 (1999),,,,,,
ABPBW01290,Vireo cassinii,Cassin's Vireo,,S5B (2015),Yellow,G5 (2016),,,,,,
ABPBW01270,Vireo flavoviridis,Yellow-green Vireo,,SNA (2014),Accidental,G5 (1996),,,,,,
ABPBW01210,Vireo gilvus,Warbling Vireo,,S5B (2015),Yellow,G5 (2016),,,,,,
ABPBW01190,Vireo huttoni,Hutton's Vireo,,S4 (2015),Yellow,G5 (2016),,,,,,
ABPBW01240,Vireo olivaceus,Red-eyed Vireo,,S5B (2015),Yellow,G5 (2016),,,,,,
ABPBW01230,Vireo philadelphicus,Philadelphia Vireo,,S4B (2015),Yellow,G5 (2016),,,,,,
ABPBW01160,Vireo solitarius,Blue-headed Vireo,,S4S5B (2015),Yellow,G5 (2016),,,,,,
ABPBXB3010,Xanthocephalus xanthocephalus,Yellow-headed Blackbird,,S4B (2015),Yellow,G5 (2016),,,,,,
ABNNM06010,Xema sabini,Sabine's Gull,,S4M (2019),Yellow,G5 (2016),,,,,,
ABNNF05010,Xenus cinereus,Terek Sandpiper,,SNA (2015),Accidental,G5 (2016),,,,,,
ABNPB04010,Zenaida asiatica,White-winged Dove,,SNA (2015),Accidental,G5 (2002),,,,,,
ABNPB04040,Zenaida macroura,Mourning Dove,,S4?B (2015),Yellow,G5 (2016),,,,,,
ABPBXA4020,Zonotrichia albicollis,White-throated Sparrow,,S5 (2015),Yellow,G5 (2016),,,,,,
ABPBXA4030,Zonotrichia atricapilla,Golden-crowned Sparrow,,S5?B (2015),Yellow,G5 (2016),,,,,,
ABPBXA4040,Zonotrichia leucophrys,White-crowned Sparrow,,S5 (2011),Yellow,G5 (2016),,,,,,
ABPBXA4050,Zonotrichia querula,Harris's Sparrow,,SUM (2015),Unknown,G5 (2016),SC,,,,,
,,,,,,,,,,,,
Search Criteria,,,,,,,,,,,,
"Birds, All
Sort Order:Scientific Name Ascending",,,,,,,,,,,,
Open Government License– BC,,,,,,,,,,,,